symbol,name,status,data_status,last_checked,note
005930,삼성전자,FAILED,SUFFICIENT,2026-10-05,"Prior direct MA5/20/60 validation completed; breakout support not maintained"
000660,SK하이닉스,PRE_BREAKOUT,INCOMPLETE,2026-10-05,"High-priority semiconductor candidate; continuous OHLCV direct validation still incomplete"
009150,삼성전기,PRE_BREAKOUT,INCOMPLETE,2026-10-05,"High-liquidity semiconductor component candidate; continuous OHLCV direct validation incomplete"
042700,한미반도체,PRE_BREAKOUT,INCOMPLETE,2026-10-05,"Strong candidate pool member; direct MA60 validation interval not fully obtained"
010120,LS ELECTRIC,PRE_BREAKOUT,INCOMPLETE,2026-10-05,"50-row history insufficient for required pre-breakout MA60 validation"
267260,HD현대일렉트릭,PRE_BREAKOUT,INCOMPLETE,2026-10-05,"Candidate retained for next data-recovery pass"
047810,한국항공우주,PRE_BREAKOUT,INCOMPLETE,2026-10-05,"Candidate retained for next data-recovery pass"
034020,두산에너빌리티,PRE_BREAKOUT,INCOMPLETE,2026-10-05,"Candidate retained for next data-recovery pass"
353200,대덕전자,PRE_BREAKOUT,INCOMPLETE,2026-10-05,"Candidate retained for next data-recovery pass"
192820,코스맥스,PRE_BREAKOUT,INCOMPLETE,2026-10-05,"MA-stack/golden-cross screen candidate; direct OHLCV validation incomplete"
281820,케이씨텍,PRE_BREAKOUT,INCOMPLETE,2026-10-05,"MA-stack screen candidate; direct OHLCV validation incomplete"
138040,메리츠금융지주,PRE_BREAKOUT,INCOMPLETE,2026-10-05,"MA-stack screen candidate; direct OHLCV validation incomplete"
012750,에스원,PRE_BREAKOUT,INCOMPLETE,2026-10-05,"MA-stack screen candidate; only 50 displayed history rows obtained"
